Region,total_revenue
South,189878.4430000001
Central,244500.46719999978
East,324064.9430000001
West,324472.0154999999
